{
  "identifier": {},
  "shelfMark": {
    "paths": [
      {
        "marc": "852",
        "subfields": [
          "k",
          "h",
          "i",
          "n",
          "z"
        ]
      }
    ]
  },
  "physicalLocation": {
    "paths": [
      {
        "marc": "852",
        "subfields": [
          "k",
          "h",
          "i"
        ]
      }
    ]
  },
  "enumerationChronology": {
    "paths": [
      {
        "notes": "Drawn from 'v' legacy field"
      }
    ]
  },
  "location": {
    "paths": [
      {
        "marc": "Location",
        "notes": "derived from location code stored in record"
      }
    ]
  },
  "format": {
    "paths": [
      {
        "marc": "843",
        "subfields": [
          "a"
        ],
        "notes": "With 843 present, fieldTag may be i or n"
      },
      {
        "notes": "Drawn from fieldTag 'i'"
      }
    ]
  },
  "note": {
    "paths": [
      {
        "notes": "Drawn from fieldTag 'n', but not if marc field is 843"
      }
    ]
  },
  "checkInBox": {
    "paths": [
      {
        "notes": "Drawn from enumeration, start_date and end_date fields"
      }
    ]
  },
  "suppressed": {
    "paths": [
      {
        "notes": "set true if deleted or suppressed fields are set to true"
      }
    ]
  }
}
