{
  "accessMessage": {
    "paths": [
      {
        "marc": "fixedFields.108.value",
        "nyplSources": [
          "*"
        ]
      }
    ]
  },
  "aeonSiteCode": {
    "paths": [
      {
        "notes": "fieldTag x matching /^AEON eligible/"
      }
    ]
  },
  "availability": {
    "paths": [
      {
        "marc": "status",
        "nyplSources": [
          "*"
        ]
      }
    ]
  },
  "barcode": {
    "paths": [
      {
        "marc": "barcode"
      }
    ]
  },
  "callNumber": {
    "paths": [
      {
        "marc": "852",
        "subfields": [
          "k",
          "h",
          "i"
        ],
        "notes": "Join 852 $k $h $i fields and fieldTag 'v' value (if available) with a space"
      },
      {
        "marc": "945",
        "subfields": [
          "g"
        ]
      }
    ]
  },
  "carrierType": {
    "paths": [
      {
        "notes": "Based on item type"
      }
    ]
  },
  "catalogItemType": {
    "paths": [
      {
        "marc": "fixedFields.61.value",
        "nyplSources": [
          "*"
        ]
      }
    ]
  },
  "contentOwner": {
    "paths": [
      {
        "marc": "location"
      }
    ]
  },
  "deliveryLocation": {
    "paths": [
      {
        "notes": "based on application/mapping logic at https://docs.google.com/spreadsheets/d/1SwZyCSUMsQ0Lf91t39_LxKpSLbvNNEliOhF1bnyUwcA/edit?gid=940035354#gid=1104339016"
      }
    ]
  },
  "dueDate": {
    "paths": [
      {
        "notes": "Use item.status.dueDate, stripped of time"
      }
    ]
  },
  "enumerationChronology": {
    "paths": [
      {
        "notes": "Standalone representation of the 'v' fieldTag"
      }
    ]
  },
  "format": {},
  "formatLiteral": {},
  "holdingLocation": {
    "paths": [
      {
        "marc": "location.code"
      },
      {
        "marc": "852",
        "subfields": [
          "b"
        ]
      }
    ]
  },
  "identifier": {},
  "label": {},
  "mediaType": {
    "paths": [
      {
        "notes": "Based on item type"
      }
    ]
  },
  "physicalLocation": {
    "paths": [
      {
        "marc": "852",
        "subfields": [
          "k",
          "h",
          "i"
        ]
      }
    ]
  },
  "requestable": {
    "paths": [
      {
        "notes": "based on application/mapping logic at https://docs.google.com/spreadsheets/d/1SwZyCSUMsQ0Lf91t39_LxKpSLbvNNEliOhF1bnyUwcA/edit?gid=940035354#gid=1104339016"
      }
    ]
  },
  "recapCustomerCode": {
    "paths": [
      {
        "marc": "900",
        "subfields": [
          "b"
        ]
      }
    ]
  },
  "suppressed": {
    "paths": [
      {
        "notes": "suppressed or if location.code ends in 9. if bib's suppressed value is true, then item is suppressed"
      }
    ]
  }
}
