{
  "type": {
    "paths": [
      {
        "marc": "LDR/07"
      }
    ]
  },
  "aeonURL": {
    "paths": [
      {
        "notes": "856 $u matching Aeon base URLs"
      }
    ]
  },
  "titleAlt": {
    "paths": [
      {
        "marc": "210",
        "subfields": [
          "a",
          "b",
          "f",
          "n",
          "p"
        ]
      },
      {
        "marc": "222",
        "subfields": [
          "a",
          "b",
          "f",
          "n",
          "p"
        ]
      },
      {
        "marc": "240",
        "subfields": [
          "a",
          "b",
          "f",
          "n",
          "p"
        ]
      },
      {
        "marc": "246",
        "subfields": [
          "a",
          "b",
          "f",
          "n",
          "p"
        ]
      },
      {
        "marc": "740",
        "subfields": [
          "a",
          "n",
          "p"
        ]
      },
      {
        "marc": "793",
        "excludedSubfields": [
          "0",
          "6"
        ]
      }
    ]
  },
  "callNumber": {
    "paths": [
      {
        "marc": "852",
        "subfields": [
          "h"
        ]
      }
    ]
  },
  "catalogBibLocationCode": {
    "paths": [
      {
        "marc": "locations.code"
      }
    ]
  },
  "tableOfContents": {
    "paths": [
      {
        "marc": "505",
        "subfields": [
          "a",
          "g",
          "r",
          "t"
        ]
      }
    ]
  },
  "contentsTitle": {
    "paths": [
      {
        "marc": "505",
        "subfields": [
          "t"
        ]
      }
    ]
  },
  "carrierType": {
    "paths": [
      {
        "notes": "see mapping tab \"Media and Carrier type mappings\"",
        "description": "Specific Material Designation"
      }
    ]
  },
  "contributorLiteral": {
    "paths": [
      {
        "marc": "700",
        "subfields": [
          "a",
          "b",
          "c",
          "q",
          "d",
          "j"
        ]
      },
      {
        "marc": "710",
        "excludedSubfields": [
          "0",
          "6"
        ]
      },
      {
        "marc": "711",
        "excludedSubfields": [
          "0",
          "6"
        ]
      },
      {
        "marc": "720",
        "excludedSubfields": [
          "0",
          "6"
        ]
      },
      {
        "marc": "791",
        "excludedSubfields": [
          "0",
          "6"
        ]
      }
    ]
  },
  "contributorLiteralByRole": {
    "paths": [
      {
        "marc": "700",
        "subfields": [
          "a",
          "b",
          "c",
          "q",
          "d",
          "j"
        ]
      },
      {
        "marc": "710"
      },
      {
        "marc": "711"
      }
    ]
  },
  "creatorLiteral": {
    "paths": [
      {
        "marc": "100",
        "subfields": [
          "a",
          "b",
          "c",
          "q",
          "d",
          "j"
        ]
      },
      {
        "marc": "110",
        "excludedSubfields": [
          "0",
          "6"
        ]
      },
      {
        "marc": "111",
        "excludedSubfields": [
          "0",
          "6"
        ]
      }
    ]
  },
  "date": {
    "paths": [
      {
        "marc": "publishYear"
      }
    ]
  },
  "dateCreated": {
    "paths": [
      {
        "marc": "publishYear"
      }
    ]
  },
  "dateEnd": {
    "paths": [
      {
        "marc": "008/11-14"
      }
    ]
  },
  "dateStart": {
    "paths": [
      {
        "marc": "008/7-10"
      }
    ]
  },
  "serialPublicationDates": {
    "paths": [
      {
        "marc": "362",
        "subfields": [
          "a",
          "z"
        ]
      }
    ]
  },
  "description": {
    "paths": [
      {
        "marc": "520",
        "subfields": [
          "a"
        ],
        "description": "Summary, Etc."
      }
    ]
  },
  "dimensions": {
    "paths": [
      {
        "marc": "300",
        "subfields": [
          "c"
        ]
      }
    ]
  },
  "donorSponsor": {
    "paths": [
      {
        "marc": "799",
        "excludedSubfields": [
          "0",
          "6"
        ]
      }
    ]
  },
  "editionStatement": {
    "paths": [
      {
        "marc": "250",
        "excludedSubfields": [
          "0",
          "6"
        ]
      }
    ]
  },
  "electronicLocation": {
    "paths": [
      {
        "notes": "856 (see notes)"
      }
    ]
  },
  "extent": {
    "paths": [
      {
        "marc": "300",
        "subfields": [
          "a",
          "b"
        ]
      }
    ]
  },
  "formerTitle": {
    "paths": [
      {
        "marc": "247",
        "subfields": [
          "a",
          "b",
          "f",
          "g",
          "n",
          "p"
        ]
      }
    ]
  },
  "genreFormLiteral": {
    "paths": [
      {
        "marc": "655",
        "subfields": [
          "a",
          "b",
          "c",
          "v",
          "x",
          "y",
          "z"
        ],
        "description": "Genre/Form literal"
      }
    ]
  },
  "identifier": {
    "paths": [
      {
        "notes": "Other Standard Identifier (LCCN?) (Canceled)",
        "marc": "024",
        "subfields": [
          "z"
        ]
      },
      {
        "notes": "Report No.",
        "marc": "027",
        "subfields": [
          "a"
        ]
      },
      {
        "notes": "Report No. (Canceled)",
        "marc": "027",
        "subfields": [
          "z"
        ]
      },
      {
        "notes": "Publisher No.",
        "marc": "028",
        "subfields": [
          "a",
          "b"
        ]
      },
      {
        "notes": "System Control Number",
        "marc": "035",
        "subfields": [
          "a"
        ]
      },
      {
        "notes": "System Control Number (Canceled)",
        "marc": "035",
        "subfields": [
          "z"
        ]
      },
      {
        "marc": "086",
        "notes": "Government Document Classification Number",
        "subfields": [
          "a"
        ]
      },
      {
        "marc": "086",
        "notes": "Government Document Classification Number (Canceled)",
        "subfields": [
          "z"
        ]
      },
      {
        "marc": "074",
        "notes": "GPO Item Number",
        "subfields": [
          "a"
        ]
      },
      {
        "marc": "074",
        "notes": "GPO Item Number (Canceled)",
        "subfields": [
          "z"
        ]
      }
    ]
  },
  "isbn": {
    "paths": [
      {
        "marc": "020",
        "subfields": [
          "a"
        ]
      }
    ]
  },
  "isbnCanceledInvalid": {
    "paths": [
      {
        "marc": "020",
        "subfields": [
          "z"
        ]
      }
    ]
  },
  "issn": {
    "paths": [
      {
        "marc": "022",
        "subfields": [
          "a"
        ]
      }
    ]
  },
  "issnCanceled": {
    "paths": [
      {
        "marc": "022",
        "subfields": [
          "z"
        ]
      }
    ]
  },
  "issnIncorrect": {
    "paths": [
      {
        "marc": "022",
        "subfields": [
          "y"
        ]
      }
    ]
  },
  "issuance": {
    "paths": [
      {
        "notes": "bibLevel.code as returned by SierraBase.prototype.ldr()"
      }
    ]
  },
  "label": {},
  "language": {
    "paths": [
      {
        "marc": "lang",
        "description": "Language  "
      },
      {
        "marc": "OR 008/35-37",
        "description": "Language  "
      },
      {
        "marc": "OR 041",
        "subfields": [
          "a"
        ],
        "description": "Language  "
      }
    ]
  },
  "lccClassification": {
    "paths": [
      {
        "marc": "050",
        "subfields": [
          "a",
          "b",
          "c"
        ]
      }
    ]
  },
  "lccn": {
    "paths": [
      {
        "marc": "010",
        "subfields": [
          "a"
        ]
      },
      {
        "marc": "024",
        "subfields": [
          "a"
        ]
      }
    ]
  },
  "mediaType": {
    "paths": [
      {
        "notes": "337 $b ($a for prefLabel)"
      }
    ]
  },
  "note": {
    "paths": [
      {
        "marc": "500",
        "subfields": [
          "a"
        ],
        "description": "Note"
      },
      {
        "marc": "501",
        "subfields": [
          "a"
        ],
        "description": "With"
      },
      {
        "marc": "502",
        "subfields": [
          "a"
        ],
        "description": "Thesis"
      },
      {
        "marc": "504",
        "subfields": [
          "a"
        ],
        "description": "Bibliography"
      },
      {
        "marc": "506",
        "subfields": [
          "a"
        ],
        "description": "Access"
      },
      {
        "marc": "507",
        "subfields": [
          "a"
        ],
        "description": "Scale"
      },
      {
        "marc": "508",
        "subfields": [
          "a"
        ],
        "description": "Credits"
      },
      {
        "marc": "510",
        "subfields": [
          "a"
        ],
        "description": "Indexed In"
      },
      {
        "marc": "511",
        "subfields": [
          "a"
        ],
        "description": "Performer"
      },
      {
        "marc": "513",
        "subfields": [
          "a"
        ],
        "description": "Type of Report"
      },
      {
        "marc": "514",
        "subfields": [
          "a"
        ],
        "description": "Data Quality"
      },
      {
        "marc": "515",
        "subfields": [
          "a"
        ],
        "description": "Numbering"
      },
      {
        "marc": "516",
        "subfields": [
          "a"
        ],
        "description": "File Type"
      },
      {
        "marc": "518",
        "subfields": [
          "a"
        ],
        "description": "Event"
      },
      {
        "marc": "521",
        "subfields": [
          "a"
        ],
        "description": "Audience"
      },
      {
        "marc": "522",
        "subfields": [
          "a"
        ],
        "description": "Coverage"
      },
      {
        "marc": "524",
        "subfields": [
          "a"
        ],
        "description": "Cite As"
      },
      {
        "marc": "525",
        "subfields": [
          "a"
        ],
        "description": "Supplement"
      },
      {
        "marc": "526",
        "subfields": [
          "a"
        ],
        "description": "Study Program"
      },
      {
        "marc": "530",
        "subfields": [
          "a"
        ],
        "description": "Additional Formats"
      },
      {
        "marc": "533",
        "subfields": [
          "a"
        ],
        "description": "Reproduction"
      },
      {
        "marc": "534",
        "subfields": [
          "a"
        ],
        "description": "Original Version"
      },
      {
        "marc": "535",
        "subfields": [
          "a"
        ],
        "description": "Original Location"
      },
      {
        "marc": "536",
        "subfields": [
          "a"
        ],
        "description": "Funding"
      },
      {
        "marc": "538",
        "subfields": [
          "a"
        ],
        "description": "System Details"
      },
      {
        "marc": "540",
        "subfields": [
          "a"
        ],
        "description": "Terms of Use"
      },
      {
        "marc": "541",
        "subfields": [
          "a"
        ],
        "description": "Source"
      },
      {
        "marc": "542",
        "subfields": [
          "a"
        ],
        "description": "Information Relating to Copyright Status"
      },
      {
        "marc": "544",
        "subfields": [
          "a"
        ],
        "description": "Location of Other Archival Materials"
      },
      {
        "marc": "545",
        "subfields": [
          "a"
        ],
        "description": "Biography"
      },
      {
        "marc": "546",
        "subfields": [
          "a"
        ],
        "description": "Language"
      },
      {
        "marc": "547",
        "subfields": [
          "a"
        ],
        "description": "Former Title"
      },
      {
        "marc": "550",
        "subfields": [
          "a"
        ],
        "description": "Issued By"
      },
      {
        "marc": "555",
        "subfields": [
          "a"
        ],
        "description": "Indexes/Finding Aids"
      },
      {
        "marc": "556",
        "subfields": [
          "a"
        ],
        "description": "Documentation"
      },
      {
        "marc": "561",
        "subfields": [
          "a"
        ],
        "description": "Provenance"
      },
      {
        "marc": "562",
        "subfields": [
          "a"
        ],
        "description": "Copy/Version"
      },
      {
        "marc": "563",
        "subfields": [
          "a"
        ],
        "description": "Binding"
      },
      {
        "marc": "580",
        "subfields": [
          "a"
        ],
        "description": "Linking Entry"
      },
      {
        "marc": "581",
        "subfields": [
          "a"
        ],
        "description": "Publications"
      },
      {
        "marc": "583",
        "subfields": [
          "a"
        ],
        "description": "Processing Action"
      },
      {
        "marc": "585",
        "subfields": [
          "a"
        ],
        "description": "Exhibitions"
      },
      {
        "marc": "586",
        "subfields": [
          "a"
        ],
        "description": "Awards"
      },
      {
        "marc": "588",
        "subfields": [
          "a"
        ],
        "description": "Source of Description"
      }
    ]
  },
  "oclcNumber": {
    "paths": [
      {
        "marc": "991",
        "subfields": [
          "y"
        ]
      },
      {
        "marc": "035",
        "subfields": [
          "a"
        ],
        "notes": "Reject if not prefixed '(OCoLC)'"
      },
      {
        "marc": "001"
      }
    ]
  },
"partOf": {
    "paths": [
      {
        "marc": "773",
        "subfields": [
          "i",
          "a",
          "s",
          "t",
          "b",
          "m",
          "d",
          "h",
          "k",
          "n",
          "g",
          "r",
          "u",
          "x",
          "y",
          "z",
          "w",
          "3",
          "7"
        ]
      }
    ]
  },
  "placeOfPublication": {
    "paths": [
      {
        "marc": "260",
        "subfields": [
          "a"
        ]
      },
      {
        "marc": "264",
        "subfields": [
          "a"
        ]
      }
    ]
  },
  "publicationStatement": {
    "paths": [
      {
        "marc": "260",
        "subfields": [
          "a",
          "b",
          "c"
        ]
      },
      {
        "marc": "264",
        "subfields": [
          "a",
          "b",
          "c"
        ]
      }
    ]
  },
  "publisherLiteral": {
    "paths": [
      {
        "marc": "260",
        "subfields": [
          "b"
        ]
      },
      {
        "marc": "264",
        "subfields": [
          "b"
        ]
      }
    ]
  },
  "resourceType": {
    "paths": [
      {
        "marc": "fixedFields.label = \"Material type\""
      }
    ]
  },
  "seriesStatement": {
    "paths": [
      {
        "marc": "440",
        "subfields": [
          "3",
          "a",
          "x",
          "v",
          "l"
        ]
      },
      {
        "marc": "490",
        "subfields": [
          "3",
          "a",
          "x",
          "v",
          "l"
        ]
      },
      {
        "marc": "800",
        "subfields": [
          "a",
          "b",
          "c",
          "d",
          "e",
          "f",
          "g",
          "h",
          "i",
          "j",
          "k",
          "l",
          "m",
          "n",
          "o",
          "p",
          "q",
          "r",
          "s",
          "t",
          "u",
          "v"
        ]
      },
      {
        "marc": "810",
        "subfields": [
          "a",
          "b",
          "c",
          "d",
          "e",
          "f",
          "g",
          "h",
          "i",
          "j",
          "k",
          "l",
          "m",
          "n",
          "o",
          "p",
          "q",
          "r",
          "s",
          "t",
          "u",
          "v"
        ]
      },
      {
        "marc": "811",
        "subfields": [
          "a",
          "b",
          "c",
          "d",
          "e",
          "f",
          "g",
          "h",
          "i",
          "j",
          "k",
          "l",
          "m",
          "n",
          "o",
          "p",
          "q",
          "r",
          "s",
          "t",
          "u",
          "v"
        ]
      }
    ]
  },
  "subjectLiteral": {
    "paths": [
      {
        "marc": "600",
        "subfields": [
          "a",
          "b",
          "c",
          "d",
          "e",
          "g",
          "4",
          "v",
          "x",
          "y",
          "z"
        ],
        "options": { "subfieldJoiner": " -- " },
        "description": "Subject Added Entry-Personal Name"
      },
      {
        "marc": "610",
        "subfields": [
          "a",
          "b",
          "c",
          "d",
          "e",
          "g",
          "4",
          "v",
          "x",
          "y",
          "z"
        ],
        "options": { "subfieldJoiner": " -- " },
        "description": "Subject Added Entry-Personal Name"
      },
      {
        "marc": "611",
        "subfields": [
          "a",
          "b",
          "c",
          "d",
          "e",
          "g",
          "4",
          "v",
          "x",
          "y",
          "z"
        ],
        "options": { "subfieldJoiner": " -- " },
        "description": "Subject Added Entry-Personal Name"
      },
      {
        "marc": "630",
        "subfields": [
          "a",
          "b",
          "c",
          "d",
          "e",
          "g",
          "4",
          "v",
          "x",
          "y",
          "z"
        ],
        "options": { "subfieldJoiner": " -- " },
        "description": "Subject Added Entry-Personal Name"
      },
      {
        "marc": "648",
        "subfields": [
          "a",
          "b",
          "c",
          "d",
          "e",
          "g",
          "4",
          "v",
          "x",
          "y",
          "z"
        ],
        "options": { "subfieldJoiner": " -- " },
        "description": "Subject Added Entry-Personal Name"
      },
      {
        "marc": "650",
        "subfields": [
          "a",
          "b",
          "c",
          "d",
          "e",
          "g",
          "4",
          "v",
          "x",
          "y",
          "z"
        ],
        "options": { "subfieldJoiner": " -- " },
        "description": "Subject Added Entry-Personal Name"
      },
      {
        "marc": "651",
        "subfields": [
          "a",
          "b",
          "c",
          "d",
          "e",
          "g",
          "4",
          "v",
          "x",
          "y",
          "z"
        ],
        "options": { "subfieldJoiner": " -- " },
        "description": "Subject Added Entry-Personal Name"
      },
      {
        "marc": "653",
        "subfields": [
          "a",
          "b",
          "c",
          "d",
          "e",
          "g",
          "4",
          "v",
          "x",
          "y",
          "z"
        ],
        "options": { "subfieldJoiner": " -- " },
        "description": "Subject Added Entry-Personal Name"
      }
    ]
  },
  "supplementaryContent": {
    "paths": [
      {
        "marc": "856 (see notes)"
      }
    ]
  },
  "suppressed": {
    "paths": [
      {
        "marc": "suppressed"
      }
    ]
  },
  "title": {
    "paths": [
      {
        "marc": "245",
        "subfields": [
          "a",
          "b"
        ],
        "nyplSources": [
          "sierra-nypl",
          "recap-cul",
          "recap-pul"
        ]
      },
      {
        "marc": "245",
        "subfields": [
          "a",
          "b",
          "c"
        ],
        "nyplSources": [
          "recap-hl"
        ]
      }
    ]
  },
  "uniformTitle": {
    "paths": [
      {
        "marc": "130",
        "subfields": [
          "a",
          "d",
          "f",
          "g",
          "k",
          "l",
          "m",
          "n",
          "o",
          "p",
          "r",
          "s",
          "t"
        ]
      },
      {
        "marc": "240",
        "subfields": [
          "a",
          "d",
          "f",
          "g",
          "k",
          "l",
          "m",
          "n",
          "o",
          "p",
          "r",
          "s"
        ]
      },
      {
        "marc": "730",
        "subfields": [
          "a",
          "d",
          "f",
          "g",
          "k",
          "l",
          "m",
          "n",
          "o",
          "p",
          "r",
          "s",
          "t"
        ]
      },
      {
        "marc": "830",
        "subfields": [
          "a",
          "d",
          "f",
          "g",
          "k",
          "l",
          "m",
          "n",
          "o",
          "p",
          "r",
          "s",
          "t",
          "v"
        ]
      }
    ]
  },
  "titleDisplay": {
    "paths": [
      {
        "marc": "245",
        "subfields": [
          "a",
          "b",
          "c",
          "f",
          "g",
          "h",
          "k",
          "n",
          "p",
          "s"
        ]
      }
    ]
  },
  "hasReproduction": {
    "paths": [
      {
        "marc": "533",
        "description": "Reproduction Note"
      }
    ]
  },
  "reproductionOf": {
    "paths": [
      {
        "marc": "534",
        "description": "Original Version Note",
        "nyplSources": [
          "*"
        ]
      }
    ]
  }
}
